Country,Year,GDP per Capita ($),Population,Education Spending(%),Healthcare Spending($),Literacy(%),Life Expectancy,Fertility Rate,Infant Mortality Rate,Unemployment(%),Youth Unemployment(%)
Afghanistan,2019,498.0,37769499.0,,74.0,0.0,64.0,4.87,48.8,11.22,15.92
Afghanistan,2020,512.0,38972230.0,,80.0,0.0,63.0,4.75,47.4,11.71,16.05
Afghanistan,2021,356.0,40099462.0,,81.0,37.27,62.0,4.643,46.1,11.93,16.39
Afghanistan,2022,353.0,41128771.0,,0.0,0.0,63.0,4.523,44.8,14.1,17.75
Albania,2019,5396.0,2854191.0,11.4,368.0,0.0,79.0,1.414,8.3,11.47,27.14
Albania,2020,5343.0,2837849.0,10.13,397.0,0.0,77.0,1.4,8.4,12.79,30.63
Albania,2021,6377.0,2811666.0,9.83,465.0,0.0,76.0,1.39,8.4,12.47,29.43
Albania,2022,6810.0,2777689.0,0.0,0.0,98.5,77.0,1.376,8.4,11.59,28.1
Algeria,2019,4530.0,42705368.0,14.46,236.0,0.0,76.0,2.988,20.1,12.29,31.16
Algeria,2020,3794.0,43451666.0,16.55,206.0,0.0,74.0,2.942,19.7,14.04,35.38
Algeria,2021,4216.0,44177969.0,16.05,205.0,0.0,76.0,2.889,19.2,13.61,33.7
Algeria,2022,5023.0,44903225.0,13.1,0.0,0.0,77.0,2.829,18.7,12.44,31.99
American Samoa,2019,13673.0,47321.0,,,,,,,,
American Samoa,2020,15610.0,46189.0,,,,,,,,
American Samoa,2021,16654.0,45035.0,,,,,,,,
American Samoa,2022,19673.0,44273.0,,,,,,,,
Andorra,2019,41329.0,76343.0,10.9,3027.0,,,,2.9,,
Andorra,2020,37207.0,77700.0,8.99,3269.0,,,,2.8,,
Andorra,2021,42066.0,79034.0,6.35,3506.0,,,,2.7,,
Andorra,2022,42351.0,79824.0,6.96,0.0,,,,2.6,,
Angola,2019,2191.0,32353588.0,6.05,65.0,0.0,62.0,5.442,49.9,16.5,31.63
Angola,2020,1451.0,33428486.0,6.47,55.0,0.0,62.0,5.371,48.4,16.68,32.46
Angola,2021,1927.0,34503774.0,6.92,64.0,0.0,62.0,5.304,47.0,15.8,30.0
Angola,2022,2933.0,35588987.0,6.64,0.0,72.4,62.0,5.209,45.7,14.69,28.42
Antigua And Barbuda,2019,18730.0,92117.0,7.13,802.0,,79.0,1.468,8.7,,
Antigua And Barbuda,2020,15225.0,92664.0,7.38,876.0,,79.0,1.569,8.5,,
Antigua And Barbuda,2021,17179.0,93219.0,6.86,923.0,,78.0,1.58,8.3,,
Antigua And Barbuda,2022,19920.0,93763.0,9.17,0.0,,79.0,1.58,8.1,,
Argentina,2019,9964.0,44938712.0,12.53,1016.0,,77.0,1.994,9.2,9.84,25.82
Argentina,2020,8501.0,45376763.0,12.42,895.0,,76.0,1.911,8.9,11.46,30.4
Argentina,2021,10651.0,45808747.0,12.28,1045.0,,75.0,1.885,8.6,8.74,23.36
Argentina,2022,13651.0,46234830.0,0.0,0.0,,76.0,1.876,8.4,6.81,18.98
Armenia,2019,4829.0,2820602.0,10.01,549.0,0.0,75.0,1.575,10.6,12.2,24.62
Armenia,2020,4506.0,2805608.0,9.57,552.0,99.79,72.0,1.575,10.1,12.18,23.76
Armenia,2021,4973.0,2790974.0,9.67,613.0,0.0,72.0,1.575,9.6,10.01,22.36
Armenia,2022,7018.0,2780469.0,9.7,0.0,0.0,73.0,1.575,9.2,8.61,19.01
Aruba,2019,31903.0,106442.0,,,0.0,76.0,1.486,,,
Aruba,2020,24008.0,106585.0,,,97.99,76.0,1.325,,,
Aruba,2021,29128.0,106537.0,,,0.0,75.0,1.18,,,
Aruba,2022,33301.0,106445.0,,,0.0,75.0,1.179,,,
Australia,2019,55050.0,25334826.0,15.29,5546.0,,83.0,1.657,3.2,5.16,11.74
Australia,2020,51868.0,25649248.0,14.46,5959.0,,83.0,1.581,3.2,6.46,14.2
Australia,2021,60697.0,25685412.0,13.15,7055.0,,83.0,1.7,3.2,5.12,11.23
Australia,2022,65078.0,26014399.0,13.94,0.0,,83.0,1.63,3.2,3.7,8.23
Austria,2019,50068.0,8879920.0,9.88,5263.0,,82.0,1.46,2.9,4.56,8.78
Austria,2020,48789.0,8916864.0,8.95,5567.0,,81.0,1.44,2.8,5.2,10.34
Austria,2021,53518.0,8955797.0,8.81,6505.0,,81.0,1.48,2.7,6.46,12.04
Austria,2022,52085.0,9041851.0,8.98,0.0,,81.0,1.41,2.6,4.99,10.35
Azerbaijan,2019,4806.0,10024283.0,8.59,197.0,99.8,73.0,1.81,18.4,5.0,11.4
Azerbaijan,2020,4230.0,10093121.0,9.8,243.0,0.0,67.0,1.7,17.6,7.24,15.12
Azerbaijan,2021,5408.0,10137750.0,10.79,249.0,0.0,69.0,1.52,16.8,6.04,14.46
Azerbaijan,2022,7771.0,10141756.0,0.0,0.0,0.0,73.0,1.67,16.1,5.65,13.58
Bahamas,2019,32174.0,404557.0,11.29,1899.0,,71.0,1.398,15.4,10.01,24.42
Bahamas,2020,24499.0,406471.0,12.18,1825.0,,73.0,1.394,11.5,12.8,30.36
Bahamas,2021,27871.0,407906.0,12.28,1962.0,,72.0,1.389,11.3,11.69,27.6
Bahamas,2022,32041.0,409984.0,11.44,0.0,,74.0,1.38,11.2,9.87,24.72
Bahrain,2019,25869.0,1494188.0,9.87,1024.0,0.0,80.0,1.857,6.0,1.23,5.67
Bahrain,2020,23433.0,1477469.0,9.37,1105.0,0.0,79.0,1.832,5.9,1.77,6.5
Bahrain,2021,26850.0,1463265.0,9.08,1146.0,0.0,79.0,1.811,5.7,1.55,6.66
Bahrain,2022,30147.0,1472233.0,9.3,0.0,97.87,79.0,1.797,5.6,1.33,5.88
Bangladesh,2019,2122.0,165516222.0,11.33,48.0,74.68,73.0,2.031,26.7,4.69,13.52
Bangladesh,2020,2234.0,167420951.0,10.39,51.0,74.91,72.0,2.003,25.7,5.83,16.42
Bangladesh,2021,2458.0,169356251.0,10.22,58.0,76.36,72.0,1.981,24.9,5.82,16.62
Bangladesh,2022,2688.0,171186372.0,11.73,0.0,0.0,74.0,1.95,24.1,5.25,15.94
Barbados,2019,19156.0,280180.0,13.86,1172.0,,77.0,1.623,11.1,8.41,25.54
Barbados,2020,17028.0,280693.0,16.14,1239.0,,77.0,1.628,10.7,9.76,29.53
Barbados,2021,17586.0,281200.0,14.84,1400.0,,78.0,1.633,10.4,9.42,27.8
Barbados,2022,20738.0,281635.0,12.73,0.0,,78.0,1.634,10.1,8.49,26.07
Belarus,2019,6838.0,9419758.0,13.08,390.0,99.87,74.0,1.382,2.4,4.17,10.24
Belarus,2020,6543.0,9379952.0,12.87,408.0,0.0,72.0,1.474,2.2,4.05,12.06
Belarus,2021,7490.0,9302585.0,12.36,468.0,0.0,72.0,1.483,2.0,3.9,10.49
Belarus,2022,7995.0,9228071.0,12.81,0.0,0.0,73.0,1.495,1.9,3.57,10.27
Belgium,2019,46642.0,11488980.0,11.82,5050.0,,82.0,1.6,3.3,5.36,14.26
Belgium,2020,45588.0,11538604.0,11.15,5104.0,,81.0,1.55,3.2,5.56,15.35
Belgium,2021,51864.0,11586195.0,11.32,5680.0,,82.0,1.6,3.1,6.26,18.23
Belgium,2022,49942.0,11685814.0,0.0,0.0,,82.0,1.53,3.1,5.56,16.43
Belize,2019,6134.0,389095.0,22.22,299.0,,74.0,2.106,11.1,9.05,19.86
Belize,2020,5185.0,394921.0,18.99,280.0,,73.0,1.999,10.5,10.7,22.26
Belize,2021,6061.0,400031.0,17.95,310.0,,70.0,2.01,9.9,10.16,19.86
Belize,2022,6984.0,405272.0,17.83,0.0,,71.0,1.989,9.4,8.72,18.02
Benin,2019,1171.0,12290444.0,18.44,29.0,0.0,60.0,5.13,57.9,1.4,3.78
Benin,2020,1241.0,12643123.0,0.0,31.0,0.0,60.0,5.048,56.4,1.57,4.24
Benin,2021,1361.0,12996895.0,17.6,35.0,0.0,60.0,4.973,55.0,1.69,4.21
Benin,2022,1305.0,13352864.0,17.19,0.0,47.1,60.0,4.895,53.6,1.47,3.91
Bermuda,2019,116153.0,63911.0,12.44,,,81.0,1.3,,,
Bermuda,2020,107792.0,63893.0,12.29,,,81.0,1.4,,,
Bermuda,2021,114275.0,63764.0,12.02,,,79.0,1.3,,,
Bermuda,2022,123091.0,63595.0,11.63,,,82.0,1.3,,,
Bhutan,2019,3565.0,767459.0,18.09,115.0,0.0,71.0,1.46,22.1,2.72,11.56
Bhutan,2020,3181.0,772506.0,18.55,134.0,0.0,72.0,1.433,21.4,5.03,22.0
Bhutan,2021,3561.0,777486.0,15.71,120.0,0.0,72.0,1.413,20.7,4.8,20.62
Bhutan,2022,3704.0,782455.0,19.65,0.0,72.1,72.0,1.398,20.1,5.95,29.59
Bolivia,2019,3472.0,11777315.0,22.43,239.0,0.0,68.0,2.688,21.8,3.68,6.97
Bolivia,2020,3069.0,11936162.0,22.22,246.0,93.85,64.0,2.651,21.0,7.9,15.39
Bolivia,2021,3345.0,12079472.0,23.15,273.0,0.0,64.0,2.618,20.3,5.09,8.45
Bolivia,2022,3600.0,12224110.0,0.0,0.0,0.0,65.0,2.584,19.6,3.55,6.26
Bosnia,2019,6095.0,3360711.0,,544.0,0.0,77.0,1.368,5.5,15.69,34.1
Bosnia,2020,6095.0,3318407.0,,591.0,0.0,76.0,1.359,5.4,15.87,37.05
Bosnia,2021,7237.0,3270943.0,,692.0,0.0,75.0,1.35,5.3,14.9,35.33
Bosnia,2022,7588.0,3233526.0,,0.0,98.3,75.0,1.346,5.2,12.66,31.89
Botswana,2019,6691.0,2499702.0,22.34,409.0,,65.0,2.883,33.5,20.09,35.28
Botswana,2020,5875.0,2546402.0,21.47,359.0,,66.0,2.836,32.7,21.02,41.54
Botswana,2021,7244.0,2588423.0,0.0,457.0,,61.0,2.791,32.1,23.11,44.48
Botswana,2022,7726.0,2630296.0,0.0,0.0,,66.0,2.754,31.2,23.62,43.51
Brazil,2019,8845.0,211782878.0,12.74,850.0,0.0,75.0,1.703,13.2,11.94,27.04
Brazil,2020,6924.0,213196304.0,11.56,705.0,0.0,74.0,1.649,13.0,13.7,30.21
Brazil,2021,7795.0,214326223.0,0.0,761.0,0.0,73.0,1.641,12.8,13.16,28.26
Brazil,2022,9065.0,215313498.0,0.0,0.0,94.69,73.0,1.626,12.5,9.23,20.69
British Virgin Islands,2019,,30610.0,0.0,,,76.0,0.948,12.5,,
British Virgin Islands,2020,,30910.0,11.86,,,76.0,0.976,12.3,,
British Virgin Islands,2021,,31122.0,10.85,,,74.0,1.005,12.0,,
British Virgin Islands,2022,,31305.0,12.2,,,76.0,1.015,11.6,,
Brunei,2019,30748.0,438048.0,,675.0,0.0,75.0,1.819,8.6,6.6,20.44
Brunei,2020,27179.0,441725.0,,650.0,0.0,75.0,1.796,8.6,7.41,27.33
Brunei,2021,31449.0,445373.0,,693.0,97.59,75.0,1.778,8.6,4.91,16.45
Brunei,2022,37152.0,449002.0,,0.0,0.0,75.0,1.764,8.5,5.19,18.31
Bulgaria,2019,9874.0,6975761.0,10.48,698.0,0.0,75.0,1.58,5.6,4.23,8.9
Bulgaria,2020,10148.0,6934015.0,9.46,857.0,0.0,74.0,1.56,5.4,5.13,14.22
Bulgaria,2021,12219.0,6877743.0,10.56,1040.0,98.42,71.0,1.58,5.2,5.27,15.84
Bulgaria,2022,13974.0,6465097.0,0.0,0.0,0.0,74.0,1.78,5.0,4.27,10.75
Burkina Faso,2019,765.0,20951639.0,20.89,41.0,29.66,60.0,4.971,53.8,4.7,7.68
Burkina Faso,2020,824.0,21522626.0,21.11,54.0,0.0,60.0,4.869,52.5,4.99,8.22
Burkina Faso,2021,889.0,22100683.0,21.56,57.0,0.0,59.0,4.772,51.2,5.11,7.94
Burkina Faso,2022,830.0,22673762.0,21.96,0.0,34.49,60.0,4.665,50.1,5.35,8.02
Burundi,2019,217.0,11874838.0,21.22,23.0,0.0,62.0,5.271,39.8,1.05,1.77
Burundi,2020,217.0,12220227.0,20.74,27.0,0.0,62.0,5.177,38.6,1.03,1.69
Burundi,2021,221.0,12551213.0,20.44,24.0,0.0,62.0,5.078,37.5,1.11,1.75
Burundi,2022,259.0,12889576.0,20.64,0.0,75.54,62.0,4.98,36.4,0.92,1.72
Cabo Verde,2019,3903.0,577030.0,15.15,172.0,0.0,76.0,1.932,12.1,12.12,27.65
Cabo Verde,2020,3126.0,582640.0,17.09,196.0,0.0,75.0,1.908,11.5,14.66,33.67
Cabo Verde,2021,3490.0,587925.0,15.11,248.0,0.0,74.0,1.896,11.0,13.91,31.14
Cabo Verde,2022,3884.0,593149.0,0.0,0.0,91.0,75.0,1.879,10.6,12.27,29.01
Cambodia,2019,1671.0,16207746.0,18.94,114.0,0.0,71.0,2.402,22.7,0.12,0.41
Cambodia,2020,1578.0,16396860.0,17.17,112.0,0.0,70.0,2.381,21.9,0.17,0.51
Cambodia,2021,1625.0,16589023.0,15.74,122.0,0.0,70.0,2.344,21.1,0.4,0.86
Cambodia,2022,1760.0,16767842.0,0.0,0.0,83.78,70.0,2.322,20.3,0.25,0.78
Cameroon,2019,1539.0,25782341.0,14.18,56.0,0.0,62.0,4.623,51.4,3.65,6.41
Cameroon,2020,1539.0,26491087.0,14.45,58.0,78.23,61.0,4.543,49.9,3.87,6.98
Cameroon,2021,1654.0,27198628.0,15.05,64.0,0.0,60.0,4.463,48.3,3.95,6.84
Cameroon,2022,1563.0,27914536.0,12.77,0.0,0.0,61.0,4.383,47.0,3.69,6.5
Canada,2019,46353.0,37618495.0,12.65,5116.0,,82.0,1.47,4.5,5.69,10.77
Canada,2020,43538.0,38028638.0,9.88,5668.0,,82.0,1.41,4.5,9.66,20.16
Canada,2021,52497.0,38239864.0,11.05,6470.0,,82.0,1.44,4.4,7.53,13.57
Canada,2022,55509.0,38939056.0,11.05,6207.0,,81.0,1.33,4.3,5.28,10.11
Cayman Islands,2019,89846.0,66134.0,14.96,,,0.0,,,,
Cayman Islands,2020,84018.0,67311.0,0.0,,,0.0,,,,
Cayman Islands,2021,88940.0,68136.0,0.0,,,82.0,,,,
Cayman Islands,2022,96074.0,68706.0,0.0,,,0.0,,,,
Central African Republic,2019,426.0,5209324.0,9.8,34.0,0.0,55.0,6.008,78.3,5.98,10.35
Central African Republic,2020,435.0,5343020.0,9.78,40.0,37.49,55.0,5.985,76.9,6.56,11.54
Central African Republic,2021,461.0,5457154.0,9.09,43.0,0.0,54.0,5.978,75.1,6.68,11.45
Central African Republic,2022,427.0,5579144.0,10.74,0.0,0.0,54.0,5.918,73.5,6.34,10.78
Chad,2019,702.0,16126866.0,14.21,31.0,0.0,53.0,6.412,69.0,1.08,1.5
Chad,2020,644.0,16644701.0,11.67,36.0,0.0,53.0,6.346,67.3,1.69,1.83
Chad,2021,686.0,17179740.0,15.36,36.0,0.0,53.0,6.255,65.7,1.51,1.97
Chad,2022,699.0,17723315.0,16.72,0.0,27.28,53.0,6.215,64.1,1.1,1.5
Channel Islands,2019,58564.0,169410.0,,,,81.0,1.441,,6.17,13.69
Channel Islands,2020,54358.0,171113.0,,,,81.0,1.447,,6.61,15.74
Channel Islands,2021,64503.0,172683.0,,,,81.0,1.457,,6.61,15.45
Channel Islands,2022,64501.0,174079.0,,,,82.0,1.469,,5.91,13.22
Chile,2019,14616.0,19039485.0,21.23,1369.0,0.0,80.0,1.545,6.2,7.53,18.97
Chile,2020,13163.0,19300315.0,19.36,1281.0,0.0,79.0,1.537,5.9,11.01,24.58
Chile,2021,16186.0,19493184.0,0.0,1518.0,0.0,79.0,1.537,5.7,9.33,20.55
Chile,2022,15411.0,19603733.0,0.0,1381.0,97.16,80.0,1.539,5.4,8.3,18.41
China,2019,10144.0,1407745000.0,11.23,540.0,0.0,78.0,1.496,6.0,4.56,10.73
China,2020,10409.0,1411100000.0,10.53,583.0,96.74,78.0,1.281,5.5,5.0,12.72
China,2021,12618.0,1412360000.0,10.85,671.0,0.0,78.0,1.164,5.1,4.55,12.41
China,2022,12663.0,1412175000.0,10.5,0.0,0.0,79.0,1.175,4.8,4.98,14.85
Colombia,2019,6437.0,50187406.0,13.72,501.0,95.25,77.0,1.765,11.8,10.28,20.69
Colombia,2020,5308.0,50930662.0,15.69,462.0,95.64,75.0,1.737,11.4,15.98,27.28
Colombia,2021,6183.0,51516562.0,11.55,558.0,0.0,73.0,1.717,11.0,13.9,24.79
Colombia,2022,6657.0,51874024.0,0.0,0.0,0.0,74.0,1.692,10.6,10.55,21.03
Comoros,2019,1511.0,790986.0,0.0,78.0,0.0,64.0,4.125,41.7,5.1,10.08
Comoros,2020,1520.0,806166.0,11.48,89.0,0.0,64.0,4.052,40.5,5.88,11.59
Comoros,2021,1577.0,821625.0,10.29,99.0,0.0,63.0,3.978,39.3,5.86,10.95
Comoros,2022,1485.0,836774.0,10.48,0.0,61.71,64.0,3.912,38.2,5.85,10.94
Costa Rica,2019,12669.0,5084532.0,0.0,915.0,0.0,79.0,1.632,7.2,10.81,31.28
Costa Rica,2020,12179.0,5123105.0,0.0,953.0,0.0,79.0,1.555,7.0,16.43,40.17
Costa Rica,2021,12604.0,5153957.0,20.08,949.0,98.04,77.0,1.533,6.9,15.14,39.26
Costa Rica,2022,13365.0,5180829.0,0.0,0.0,0.0,77.0,1.522,6.9,11.33,30.75
Croatia,2019,15219.0,4065253.0,10.98,1040.0,0.0,78.0,1.47,4.0,6.62,16.65
Croatia,2020,14384.0,4047680.0,10.35,1095.0,0.0,78.0,1.48,4.0,7.51,21.14
Croatia,2021,17943.0,3878981.0,10.72,1384.0,99.45,76.0,1.62,3.9,7.61,21.93
Croatia,2022,18673.0,3855641.0,0.0,0.0,0.0,78.0,1.53,3.9,6.96,18.07
Cuba,2019,9139.0,11316697.0,14.23,1013.0,0.0,78.0,1.551,5.4,1.2,3.02
Cuba,2020,9500.0,11300698.0,16.66,1186.0,0.0,78.0,1.5,5.6,1.4,3.17
Cuba,2021,0.0,11256372.0,15.97,0.0,99.67,74.0,1.442,5.9,1.37,3.16
Cuba,2022,0.0,11212191.0,16.96,0.0,0.0,78.0,1.449,6.2,1.25,3.07
Curacao,2019,19221.0,157441.0,0.0,,,,1.6,,,
Curacao,2020,16356.0,154947.0,15.31,,,,1.4,,,
Curacao,2021,17980.0,152369.0,15.28,,,,1.4,,,
Curacao,2022,20493.0,149996.0,12.42,,,,1.3,,,
Cyprus,2019,29420.0,1228836.0,13.51,2093.0,0.0,81.0,1.332,2.5,7.16,16.79
Cyprus,2020,28281.0,1237537.0,12.94,2362.0,0.0,81.0,1.328,2.6,7.76,18.43
Cyprus,2021,32746.0,1244188.0,12.74,2990.0,99.36,81.0,1.321,2.7,7.51,17.13
Cyprus,2022,32048.0,1251488.0,0.0,0.0,0.0,82.0,1.311,2.7,6.81,18.65
Czech Republic,2019,23665.0,10671870.0,11.84,1803.0,,79.0,1.71,2.4,2.02,5.62
Czech Republic,2020,22993.0,10697858.0,10.74,2119.0,,78.0,1.74,2.3,2.55,7.95
Czech Republic,2021,26823.0,10505772.0,10.88,2499.0,,77.0,1.83,2.2,2.8,8.15
Czech Republic,2022,27227.0,10672118.0,0.0,0.0,,79.0,1.618,2.1,2.22,6.75
Democratic Republic Of Congo,2019,576.0,89906890.0,0.0,20.0,0.0,60.0,6.253,65.4,4.64,8.67
Democratic Republic Of Congo,2020,525.0,92853164.0,0.0,21.0,0.0,60.0,6.206,63.6,5.37,10.03
Democratic Republic Of Congo,2021,577.0,95894118.0,21.61,22.0,0.0,59.0,6.156,61.9,5.27,9.54
Democratic Republic Of Congo,2022,665.0,99010212.0,18.41,0.0,80.54,60.0,6.106,60.1,4.59,8.65
Denmark,2019,59593.0,5814422.0,12.74,6059.0,,81.0,1.7,3.3,5.02,10.04
Denmark,2020,60837.0,5831404.0,11.92,6442.0,,82.0,1.68,3.2,5.64,11.58
Denmark,2021,69269.0,5856733.0,11.89,7382.0,,81.0,1.72,3.1,5.04,10.8
Denmark,2022,67790.0,5903037.0,0.0,6332.0,,81.0,1.55,3.1,4.43,10.54
Djibouti,2019,2876.0,1073994.0,0.0,62.0,,63.0,2.891,48.3,26.25,75.53
Djibouti,2020,2922.0,1090156.0,0.0,63.0,,63.0,2.848,46.8,27.65,81.29
Djibouti,2021,3063.0,1105557.0,0.0,88.0,,62.0,2.804,45.5,27.55,78.96
Djibouti,2022,3278.0,1120849.0,0.0,0.0,,63.0,2.757,44.1,26.37,76.4
Dominica,2019,8562.0,71428.0,8.3,443.0,,74.0,1.611,28.9,,
Dominica,2020,7003.0,71995.0,10.67,420.0,,74.0,1.597,29.6,,
Dominica,2021,7668.0,72412.0,7.77,482.0,,73.0,1.595,30.3,,
Dominica,2022,8347.0,72737.0,6.41,0.0,,73.0,1.588,30.8,,
Dominican Republic,2019,8173.0,10881882.0,20.01,347.0,0.0,74.0,2.344,28.4,6.36,15.89
Dominican Republic,2020,7168.0,10999664.0,20.63,354.0,0.0,73.0,2.303,27.9,6.13,14.81
Dominican Republic,2021,8477.0,11117873.0,19.59,417.0,0.0,73.0,2.273,27.4,7.7,16.92
Dominican Republic,2022,10111.0,11228821.0,22.36,0.0,95.5,74.0,2.247,26.8,5.5,12.89
Ecuador,2019,6204.0,17343740.0,10.67,484.0,0.0,77.0,2.088,11.6,3.81,8.75
Ecuador,2020,5450.0,17588595.0,10.59,472.0,93.63,72.0,2.051,11.2,6.13,11.09
Ecuador,2021,6036.0,17797737.0,9.76,494.0,94.48,74.0,2.026,10.8,4.55,9.24
Ecuador,2022,6477.0,18001000.0,9.27,0.0,93.95,78.0,2.003,10.5,3.76,8.41
Egypt,2019,3017.0,105618671.0,,145.0,0.0,71.0,3.001,17.2,7.85,20.71
Egypt,2020,3572.0,107465134.0,,151.0,0.0,71.0,2.96,16.6,7.97,18.54
Egypt,2021,3887.0,109262178.0,,180.0,0.0,70.0,2.917,16.0,7.44,18.31
Egypt,2022,4295.0,110990103.0,,0.0,74.5,70.0,2.878,15.5,7.34,19.02
El Salvador,2019,4280.0,6280217.0,14.33,377.0,89.14,73.0,1.838,11.3,4.17,9.62
El Salvador,2020,3960.0,6292731.0,11.87,354.0,89.98,71.0,1.819,11.0,5.01,11.1
El Salvador,2021,4600.0,6314167.0,11.96,442.0,0.0,71.0,1.803,10.6,4.33,9.82
El Salvador,2022,5048.0,6336392.0,0.0,0.0,0.0,71.0,1.785,10.2,3.0,7.5
Equatorial Guinea,2019,7317.0,1553031.0,,232.0,,62.0,4.429,60.1,8.37,16.0
Equatorial Guinea,2020,6199.0,1596049.0,,247.0,,61.0,4.346,58.4,9.08,17.99
Equatorial Guinea,2021,7474.0,1634466.0,,256.0,,61.0,4.266,56.7,9.19,17.58
Equatorial Guinea,2022,8052.0,1674908.0,,0.0,,61.0,4.17,55.1,8.75,16.51
Eritrea,2019,,3498818.0,,26.0,0.0,67.0,3.997,30.5,5.79,9.9
Eritrea,2020,,3555868.0,,25.0,0.0,67.0,3.933,29.7,6.31,11.0
Eritrea,2021,,3620312.0,,25.0,0.0,67.0,3.867,28.9,6.34,10.83
Eritrea,2022,,3684032.0,,0.0,0.0,67.0,3.786,28.0,5.94,10.1
Estonia,2019,23582.0,1326898.0,15.53,1599.0,0.0,79.0,1.66,1.8,4.51,11.58
Estonia,2020,23565.0,1329522.0,14.28,1789.0,0.0,79.0,1.58,1.7,6.96,18.37
Estonia,2021,27698.0,1330932.0,14.25,2095.0,99.87,77.0,1.61,1.5,6.18,16.63
Estonia,2022,28114.0,1348840.0,0.0,1986.0,0.0,78.0,1.41,1.5,5.57,18.41
Eswatini,2019,3843.0,1169613.0,18.51,275.0,0.0,61.0,2.921,43.0,29.05,54.28
Eswatini,2020,3373.0,1180655.0,15.89,223.0,89.28,60.0,2.89,43.4,34.23,62.77
Eswatini,2021,4069.0,1192271.0,15.34,280.0,0.0,57.0,2.839,40.8,35.71,61.82
Eswatini,2022,3987.0,1201670.0,16.62,0.0,0.0,56.0,2.785,39.7,37.85,65.34
Ethiopia,2019,840.0,114120594.0,20.92,26.0,,66.0,4.323,37.3,2.95,4.74
Ethiopia,2020,919.0,117190911.0,22.45,29.0,,65.0,4.243,36.1,4.02,6.25
Ethiopia,2021,925.0,120283026.0,23.56,26.0,,65.0,4.159,35.0,3.94,6.14
Ethiopia,2022,1027.0,123379924.0,23.01,0.0,,66.0,4.063,33.9,3.49,5.56
Faroe Islands,2019,63204.0,51681.0,,,,83.0,2.409,,,
Faroe Islands,2020,62235.0,52415.0,,,,83.0,2.324,,,
Faroe Islands,2021,69108.0,52889.0,,,,83.0,2.316,,,
Faroe Islands,2022,66979.0,53090.0,,,,83.0,2.05,,,
Fiji,2019,5928.0,918465.0,14.05,254.0,,68.0,2.519,21.6,4.38,15.57
Fiji,2020,4816.0,920422.0,16.39,232.0,,68.0,2.495,22.6,4.62,16.97
Fiji,2021,4656.0,924610.0,14.46,250.0,,67.0,2.475,23.3,4.68,16.63
Fiji,2022,5356.0,929766.0,0.0,0.0,,68.0,2.462,23.6,4.48,15.7
Finland,2019,48630.0,5521606.0,10.52,4460.0,,82.0,1.35,1.9,6.7,17.1
Finland,2020,49170.0,5529543.0,10.24,4736.0,,82.0,1.37,1.9,7.76,21.2
Finland,2021,53505.0,5541017.0,10.23,5488.0,,82.0,1.46,1.9,7.61,17.05
Finland,2022,50735.0,5556106.0,0.0,0.0,,81.0,1.32,1.9,6.72,14.13
France,2019,40495.0,67388001.0,9.48,4504.0,,83.0,1.86,3.3,8.42,20.01
France,2020,39180.0,67571107.0,8.82,4755.0,,82.0,1.83,3.3,8.01,20.48
France,2021,43671.0,67764304.0,8.88,5381.0,,82.0,1.84,3.3,7.87,19.39
France,2022,40886.0,67971311.0,0.0,0.0,,82.0,1.794,3.3,7.31,17.95
French Polynesia,2019,20093.0,299717.0,,,,83.0,1.712,,11.54,36.54
French Polynesia,2020,19186.0,301920.0,,,,82.0,1.705,,12.88,41.16
French Polynesia,2021,20230.0,304032.0,,,,79.0,1.699,,12.49,38.98
French Polynesia,2022,18985.0,306279.0,,,,84.0,1.688,,11.91,37.79
Gabon,2019,7524.0,2242785.0,14.07,208.0,0.0,67.0,3.615,31.2,20.43,36.54
Gabon,2020,6680.0,2292573.0,15.76,228.0,0.0,67.0,3.548,29.9,21.27,39.07
Gabon,2021,8636.0,2341179.0,15.36,234.0,0.0,66.0,3.491,29.5,21.23,37.88
Gabon,2022,8820.0,2388992.0,13.8,0.0,85.69,66.0,3.46,28.8,20.5,36.76
Gambia,2019,723.0,2508883.0,14.1,23.0,0.0,64.0,4.869,35.4,4.53,7.78
Gambia,2020,704.0,2573995.0,14.28,26.0,0.0,63.0,4.777,34.5,5.86,9.9
Gambia,2021,763.0,2639916.0,15.62,25.0,0.0,62.0,4.684,33.7,6.21,10.18
Gambia,2022,804.0,2705992.0,14.48,0.0,58.67,63.0,4.586,32.8,6.08,10.05
Georgia,2019,4741.0,3720161.0,14.14,309.0,0.0,73.0,2.011,8.6,11.57,30.0
Georgia,2020,4301.0,3722716.0,12.07,355.0,0.0,73.0,1.971,8.5,11.73,30.78
Georgia,2021,5084.0,3708610.0,12.47,417.0,0.0,72.0,2.081,8.4,11.79,30.42
Georgia,2022,6730.0,3712502.0,12.17,484.0,99.58,72.0,2.063,8.3,11.66,30.31
Germany,2019,46805.0,83092962.0,9.73,5487.0,,81.0,1.54,3.2,3.14,5.76
Germany,2020,46749.0,83160871.0,9.3,5936.0,,81.0,1.53,3.1,3.86,7.12
Germany,2021,51427.0,83196078.0,9.07,6626.0,,81.0,1.58,3.1,3.64,7.03
Germany,2022,48718.0,83797985.0,9.19,6191.0,,81.0,1.455,3.0,3.14,5.96
Ghana,2019,2168.0,31522290.0,14.27,93.0,0.0,65.0,3.683,34.4,3.16,5.87
Ghana,2020,2177.0,32180401.0,13.63,87.0,80.38,64.0,3.623,33.4,3.29,6.21
Ghana,2021,2422.0,32833031.0,12.17,100.0,0.0,64.0,3.563,32.5,3.34,5.93
Ghana,2022,2218.0,33475870.0,13.18,0.0,0.0,64.0,3.507,31.6,3.08,5.51
Gibraltar,2019,,32685.0,7.37,,,82.0,1.863,,,
Gibraltar,2020,,32709.0,7.68,,,82.0,1.855,,,
Gibraltar,2021,,32669.0,7.62,,,79.0,1.848,,,
Gibraltar,2022,,32649.0,7.82,,,83.0,1.837,,,
Greece,2019,19144.0,10721582.0,8.36,1569.0,,82.0,1.34,3.5,17.05,34.72
Greece,2020,17617.0,10698599.0,7.54,1675.0,,81.0,1.39,3.4,15.9,33.71
Greece,2021,20311.0,10569207.0,7.11,1846.0,,80.0,1.43,3.4,14.66,35.29
Greece,2022,20867.0,10426919.0,0.0,0.0,,81.0,1.43,3.3,12.43,31.14
Greenland,2019,53309.0,56225.0,,,,72.0,2.08,,,
Greenland,2020,54693.0,56367.0,,,,72.0,2.019,,,
Greenland,2021,57116.0,56653.0,,,,72.0,1.82,,,
Greenland,2022,0.0,56661.0,,,,72.0,1.839,,,
Grenada,2019,9888.0,122724.0,0.0,488.0,,75.0,2.042,14.1,,
Grenada,2020,8438.0,123663.0,0.0,469.0,,75.0,2.023,14.3,,
Grenada,2021,9011.0,124610.0,10.06,505.0,,75.0,2.004,14.4,,
Grenada,2022,9762.0,125438.0,9.87,0.0,,75.0,1.986,14.4,,
Guam,2019,37687.0,168624.0,,,,78.0,2.623,,5.4,12.85
Guam,2020,34958.0,169231.0,,,,77.0,2.593,,6.23,14.81
Guam,2021,36556.0,170534.0,,,,77.0,2.569,,6.0,13.97
Guam,2022,40227.0,171774.0,,,,78.0,2.55,,5.53,13.05
Guatemala,2019,4648.0,16604026.0,18.54,279.0,0.0,73.0,2.61,20.8,2.19,4.47
Guatemala,2020,4610.0,16858333.0,19.05,289.0,0.0,72.0,2.484,20.1,2.95,5.12
Guatemala,2021,5029.0,17109746.0,19.55,341.0,0.0,69.0,2.395,19.4,2.17,3.81
Guatemala,2022,5473.0,17357886.0,0.0,0.0,84.27,69.0,2.354,18.8,3.05,6.29
Guinea,2019,1044.0,12877539.0,12.41,43.0,0.0,60.0,4.576,66.6,5.02,6.99
Guinea,2020,1074.0,13205153.0,14.29,42.0,0.0,59.0,4.489,65.2,5.99,8.27
Guinea,2021,1189.0,13531906.0,11.5,45.0,45.33,59.0,4.399,63.7,5.77,7.85
Guinea,2022,1515.0,13859341.0,11.95,0.0,0.0,59.0,4.303,62.2,5.33,7.29
Guinea-Bissau,2019,754.0,1970457.0,,54.0,0.0,61.0,4.172,53.1,3.22,4.07
Guinea-Bissau,2020,754.0,2015828.0,,68.0,0.0,60.0,4.094,51.5,3.61,4.61
Guinea-Bissau,2021,837.0,2060721.0,,69.0,0.0,60.0,4.005,50.1,3.63,4.47
Guinea-Bissau,2022,814.0,2105566.0,,0.0,53.9,60.0,3.925,48.6,3.2,4.05
Guyana,2019,6477.0,798753.0,0.0,318.0,0.0,69.0,2.44,24.4,13.53,27.02
Guyana,2020,6863.0,797202.0,0.0,378.0,0.0,68.0,2.418,23.7,15.7,31.34
Guyana,2021,9995.0,804567.0,0.0,471.0,0.0,66.0,2.397,23.0,14.93,29.58
Guyana,2022,18199.0,808726.0,0.0,0.0,90.03,66.0,2.369,22.3,12.42,25.67
Haiti,2019,1345.0,11160438.0,12.86,49.0,,64.0,2.919,47.8,14.13,35.31
Haiti,2020,1283.0,11306801.0,10.0,44.0,,64.0,2.869,46.4,15.56,39.27
Haiti,2021,1824.0,11447569.0,16.11,58.0,,63.0,2.814,45.1,15.25,37.69
Haiti,2022,1748.0,11584996.0,13.12,0.0,,64.0,2.773,44.0,14.72,36.84
Honduras,2019,2499.0,9958829.0,0.0,184.0,88.51,73.0,2.427,15.2,5.55,10.45
Honduras,2020,2307.0,10121763.0,0.0,213.0,0.0,71.0,2.394,14.7,10.68,16.91
Honduras,2021,2738.0,10278345.0,0.0,254.0,0.0,70.0,2.363,14.2,7.94,14.0
Honduras,2022,3012.0,10432860.0,0.0,0.0,0.0,71.0,2.34,13.8,7.04,11.8
Hong Kong,2019,48359.0,7507900.0,17.49,,,85.0,1.064,,2.92,8.53
Hong Kong,2020,46109.0,7481000.0,12.82,,,85.0,0.883,,5.81,15.53
Hong Kong,2021,49771.0,7413100.0,14.86,,,86.0,0.772,,5.17,12.79
Hong Kong,2022,48828.0,7346100.0,0.0,,,84.0,0.701,,4.32,11.03
Hungary,2019,16786.0,9771141.0,10.19,1054.0,0.0,76.0,1.55,3.4,3.42,11.38
Hungary,2020,16132.0,9750149.0,9.33,1173.0,0.0,76.0,1.59,3.4,4.25,12.74
Hungary,2021,18755.0,9709891.0,10.36,1382.0,99.1,74.0,1.61,3.3,4.05,13.46
Hungary,2022,18356.0,9643048.0,0.0,0.0,0.0,76.0,1.52,3.3,3.61,10.49
Iceland,2019,68452.0,360563.0,16.14,5865.0,,83.0,1.74,2.1,3.51,8.45
Iceland,2020,59024.0,366463.0,15.88,5652.0,,83.0,1.72,2.1,5.48,9.87
Iceland,2021,69252.0,372520.0,15.41,6716.0,,83.0,1.82,2.1,6.03,11.85
Iceland,2022,75135.0,382003.0,14.9,6400.0,,82.0,1.589,2.0,3.79,8.47
India,2019,2050.0,1383112050.0,15.0,61.0,0.0,71.0,2.109,29.7,6.51,22.87
India,2020,1916.0,1396387127.0,14.72,64.0,0.0,70.0,2.051,28.1,7.86,24.6
India,2021,2250.0,1407563842.0,14.65,74.0,0.0,67.0,2.031,26.8,6.38,20.86
India,2022,2366.0,1417173173.0,0.0,0.0,76.32,68.0,2.011,25.5,4.82,17.83
Indonesia,2019,4151.0,269582878.0,17.34,119.0,0.0,71.0,2.215,20.0,3.59,13.59
Indonesia,2020,3896.0,271857970.0,17.94,133.0,96.0,69.0,2.194,19.4,4.26,14.78
Indonesia,2021,4334.0,273753191.0,16.07,161.0,0.0,68.0,2.175,18.7,3.83,13.81
Indonesia,2022,4788.0,275501339.0,13.93,0.0,0.0,68.0,2.153,18.1,3.46,14.05
Iran,2019,3277.0,86564202.0,21.24,378.0,0.0,76.0,1.77,11.5,10.74,25.97
Iran,2020,2746.0,87290193.0,22.67,338.0,0.0,75.0,1.708,11.1,9.69,23.71
Iran,2021,4084.0,87923432.0,0.0,393.0,0.0,74.0,1.692,10.7,9.28,23.73
Iran,2022,4668.0,88550570.0,21.87,0.0,88.96,75.0,1.681,10.3,9.09,22.96
Iraq,2019,5621.0,41563520.0,,240.0,,72.0,3.604,21.8,14.14,29.59
Iraq,2020,4251.0,42556984.0,,245.0,,69.0,3.551,21.2,15.78,34.45
Iraq,2021,4817.0,43533592.0,,249.0,,70.0,3.496,20.6,16.17,35.62
Iraq,2022,6442.0,44496122.0,,0.0,,71.0,3.445,20.0,15.59,32.26
Ireland,2019,80848.0,4934340.0,13.21,5463.0,,83.0,1.71,2.9,4.95,12.46
Ireland,2020,85973.0,4985382.0,11.88,6098.0,,83.0,1.63,2.8,5.62,15.25
Ireland,2021,102002.0,5033164.0,12.02,6764.0,,82.0,1.78,2.8,6.19,14.47
Ireland,2022,103983.0,5127170.0,0.0,6349.0,,83.0,1.7,2.7,4.48,10.02
Isle Of Man,2019,87152.0,83933.0,,,,81.0,1.614,,,
Isle Of Man,2020,79531.0,84046.0,,,,81.0,1.569,,,
Isle Of Man,2021,94124.0,84263.0,,,,81.0,1.564,,,
Isle Of Man,2022,0.0,84519.0,,,,81.0,1.571,,,
Israel,2019,44452.0,9054000.0,18.11,3354.0,,83.0,3.01,2.9,3.73,6.53
Israel,2020,44847.0,9215100.0,15.69,3637.0,,83.0,2.9,2.8,4.17,7.65
Israel,2021,52130.0,9371400.0,18.43,4339.0,,83.0,3.0,2.8,4.81,7.65
Israel,2022,54931.0,9557500.0,0.0,0.0,,83.0,2.89,2.7,3.7,6.73
Italy,2019,33674.0,59729081.0,8.05,2911.0,99.35,83.0,1.27,2.6,9.95,29.18
Italy,2020,31923.0,59438851.0,7.49,3062.0,0.0,82.0,1.24,2.5,9.16,29.41
Italy,2021,36441.0,59133173.0,7.44,3350.0,0.0,83.0,1.25,2.3,9.5,29.69
Italy,2022,35069.0,58940425.0,0.0,3066.0,0.0,83.0,1.24,2.2,8.07,23.73
Jamaica,2019,5626.0,2813773.0,17.31,343.0,,72.0,1.37,16.1,4.99,16.05
Jamaica,2020,4897.0,2820436.0,0.0,324.0,,72.0,1.358,16.2,6.5,20.21
Jamaica,2021,5184.0,2827695.0,17.42,372.0,,71.0,1.352,16.2,5.19,17.16
Jamaica,2022,6047.0,2827377.0,16.93,0.0,,71.0,1.34,16.1,4.08,13.51
Japan,2019,40416.0,126633000.0,8.15,4463.0,,84.0,1.36,1.8,2.35,3.94
Japan,2020,40041.0,126261000.0,7.29,4436.0,,85.0,1.33,1.8,2.81,4.68
Japan,2021,40059.0,125681593.0,7.43,4347.0,,84.0,1.3,1.8,2.83,4.63
Japan,2022,34017.0,125124989.0,0.0,0.0,,84.0,1.26,1.7,2.6,4.41
Jordan,2019,4160.0,10698683.0,9.95,294.0,0.0,76.0,2.918,13.4,16.8,37.13
Jordan,2020,3999.0,10928721.0,0.0,285.0,0.0,75.0,2.873,13.0,19.21,42.36
Jordan,2021,4153.0,11148278.0,9.72,299.0,98.42,74.0,2.83,12.6,19.84,43.75
Jordan,2022,4311.0,11285869.0,9.58,0.0,0.0,74.0,2.786,12.2,18.2,41.27
Kazakhstan,2019,9813.0,18513673.0,18.96,270.0,0.0,73.0,2.9,9.1,4.8,3.79
Kazakhstan,2020,9122.0,18755666.0,20.16,338.0,99.8,71.0,3.13,9.0,4.89,3.77
Kazakhstan,2021,10271.0,19191356.0,24.09,403.0,0.0,70.0,3.32,8.9,5.56,4.19
Kazakhstan,2022,11484.0,19634983.0,0.0,0.0,0.0,74.0,3.05,8.7,4.86,3.82
Kenya,2019,1970.0,50951450.0,0.0,86.0,0.0,63.0,3.469,32.2,5.01,12.45
Kenya,2020,1936.0,51985780.0,17.92,87.0,0.0,63.0,3.397,31.8,5.62,13.31
Kenya,2021,2070.0,53005614.0,0.0,95.0,0.0,61.0,3.335,31.0,5.69,12.08
Kenya,2022,2099.0,54027487.0,0.0,0.0,82.88,62.0,3.296,30.5,5.81,12.43
Kiribati,2019,1746.0,124241.0,12.19,177.0,,67.0,3.368,46.1,,
Kiribati,2020,1763.0,126463.0,12.46,239.0,,67.0,3.333,45.5,,
Kiribati,2021,2244.0,128874.0,12.91,262.0,,67.0,3.304,44.8,,
Kiribati,2022,2061.0,131232.0,15.36,0.0,,68.0,3.271,43.9,,
Kosovo,2019,4416.0,1788878.0,,,,79.0,1.546,10.1,,
Kosovo,2020,4311.0,1790133.0,,,,77.0,1.529,9.6,,
Kosovo,2021,5271.0,1786038.0,,,,77.0,1.522,9.1,,
Kosovo,2022,5291.0,1768086.0,,,,80.0,1.51,8.7,,
Kuwait,2019,31230.0,4441100.0,,1644.0,0.0,80.0,2.159,7.5,2.24,15.25
Kuwait,2020,24656.0,4360444.0,,1542.0,96.46,77.0,2.14,7.5,3.54,18.98
Kuwait,2021,33358.0,4250114.0,,1861.0,0.0,79.0,2.11,7.5,3.0,18.0
Kuwait,2022,42824.0,4268873.0,,0.0,0.0,80.0,2.092,7.4,2.12,15.37
Kyrgyz Republic,2019,1452.0,6456200.0,20.07,63.0,99.6,72.0,3.3,16.3,4.25,8.92
Kyrgyz Republic,2020,1257.0,6579900.0,20.81,64.0,0.0,72.0,3.1,15.9,4.63,8.41
Kyrgyz Republic,2021,1366.0,6773400.0,19.71,73.0,0.0,72.0,2.89,15.6,4.1,8.22
Kyrgyz Republic,2022,1740.0,6974900.0,20.98,0.0,0.0,72.0,2.8,15.4,4.06,8.22
Lao PDR,2019,2599.0,7212053.0,11.62,68.0,0.0,68.0,2.571,36.0,2.53,4.48
Lao PDR,2020,2593.0,7319399.0,10.91,52.0,0.0,68.0,2.541,34.8,2.31,4.15
Lao PDR,2021,2536.0,7425057.0,10.76,69.0,0.0,68.0,2.496,33.7,2.0,3.27
Lao PDR,2022,2054.0,7529475.0,9.08,0.0,87.52,69.0,2.448,32.7,1.21,2.19
Latvia,2019,17883.0,1913822.0,15.02,1183.0,0.0,75.0,1.61,3.4,6.31,12.42
Latvia,2020,18096.0,1900449.0,13.7,1313.0,0.0,75.0,1.55,3.2,8.1,14.87
Latvia,2021,20930.0,1884490.0,12.65,1898.0,99.89,73.0,1.57,3.0,7.51,14.78
Latvia,2022,21508.0,1879383.0,0.0,0.0,0.0,75.0,1.47,2.8,6.82,15.27
Lebanon,2019,8925.0,5781907.0,8.14,782.0,0.0,79.0,2.13,12.6,11.3,23.31
Lebanon,2020,5600.0,5662923.0,9.9,522.0,0.0,78.0,2.103,13.3,13.24,26.74
Lebanon,2021,4136.0,5592631.0,0.0,307.0,0.0,75.0,2.091,14.1,12.62,25.35
Lebanon,2022,3824.0,5489739.0,0.0,0.0,0.0,74.0,2.08,14.9,11.6,23.78
Lesotho,2019,1074.0,2225702.0,13.83,130.0,0.0,54.0,3.094,60.7,16.88,25.1
Lesotho,2020,911.0,2254100.0,14.77,97.0,0.0,55.0,3.049,59.2,18.35,27.7
Lesotho,2021,1055.0,2281454.0,14.39,115.0,0.0,53.0,3.018,57.7,18.13,26.86
Lesotho,2022,993.0,2305825.0,12.39,0.0,82.01,53.0,2.98,56.4,16.67,25.06
Liberia,2019,666.0,4985289.0,13.72,52.0,,61.0,4.257,59.3,3.07,2.3
Liberia,2020,624.0,5087584.0,13.71,101.0,,61.0,4.174,57.8,4.09,2.84
Liberia,2021,676.0,5193416.0,7.37,112.0,,61.0,4.089,56.4,3.79,2.77
Liberia,2022,755.0,5302681.0,11.73,0.0,,61.0,4.016,54.9,2.99,2.28
Libya,2019,10973.0,6569088.0,,,,72.0,2.539,9.8,19.04,50.18
Libya,2020,9872.0,6653942.0,,,,72.0,2.507,9.5,19.54,52.6
Libya,2021,7095.0,6735277.0,,,,72.0,2.462,9.2,19.6,51.35
Libya,2022,8211.0,6812341.0,,,,72.0,2.402,8.9,19.32,50.6
Liechtenstein,2019,167259.0,38482.0,,,,84.0,1.48,,,
Liechtenstein,2020,165287.0,38756.0,,,,82.0,1.46,,,
Liechtenstein,2021,197505.0,39039.0,,,,84.0,1.53,,,
Liechtenstein,2022,187267.0,39327.0,,,,84.0,1.47,,,
Lithuania,2019,19616.0,2794137.0,13.28,1370.0,0.0,76.0,1.61,3.0,6.26,11.86
Lithuania,2020,20382.0,2794885.0,12.17,1520.0,0.0,75.0,1.48,2.9,8.49,19.56
Lithuania,2021,23850.0,2800839.0,12.74,1859.0,99.83,74.0,1.36,2.9,7.11,14.32
Lithuania,2022,25079.0,2831639.0,0.0,1868.0,0.0,76.0,1.27,2.9,5.96,11.92
Luxembourg,2019,112726.0,620001.0,11.18,6222.0,,83.0,1.34,2.3,5.6,17.01
Luxembourg,2020,116905.0,630419.0,10.66,6786.0,,82.0,1.36,2.3,6.77,23.24
Luxembourg,2021,133712.0,640064.0,11.0,7636.0,,83.0,1.38,2.2,5.25,16.97
Luxembourg,2022,125006.0,653103.0,10.74,6956.0,,83.0,1.31,2.2,4.59,17.65
Macao,2019,82999.0,663653.0,15.55,,0.0,85.0,1.077,,1.75,4.65
Macao,2020,37475.0,676283.0,12.3,,0.0,85.0,1.072,,2.57,7.69
Macao,2021,45105.0,686607.0,12.87,,97.11,85.0,1.088,,2.25,6.33
Macao,2022,35193.0,695168.0,0.0,,0.0,85.0,1.109,,2.48,7.34
Madagascar,2019,512.0,27533134.0,17.95,16.0,0.0,66.0,3.978,45.3,2.46,4.48
Madagascar,2020,462.0,28225177.0,15.34,17.0,0.0,65.0,3.918,45.4,3.25,5.77
Madagascar,2021,503.0,28915653.0,15.52,18.0,0.0,64.0,3.851,45.4,3.42,5.92
Madagascar,2022,517.0,29611714.0,13.85,0.0,77.48,65.0,3.791,45.1,3.19,5.65
Malawi,2019,587.0,18867337.0,0.0,42.0,0.0,64.0,4.072,32.9,4.95,6.7
Malawi,2020,621.0,19377061.0,0.0,43.0,0.0,64.0,3.995,31.8,5.68,7.68
Malawi,2021,633.0,19889742.0,0.0,47.0,0.0,63.0,3.917,30.9,5.59,7.38
Malawi,2022,643.0,20405317.0,0.0,0.0,68.08,63.0,3.849,30.1,5.05,6.77
Malaysia,2019,11132.0,32804020.0,19.14,427.0,,76.0,1.834,6.9,3.26,11.27
Malaysia,2020,10164.0,33199993.0,15.62,415.0,,76.0,1.818,6.8,4.54,12.61
Malaysia,2021,11135.0,33573874.0,20.46,487.0,,75.0,1.803,6.8,4.64,12.21
Malaysia,2022,11993.0,33938221.0,20.15,0.0,,76.0,1.787,6.7,3.93,12.55
Maldives,2019,11350.0,504508.0,12.06,852.0,0.0,80.0,1.736,6.0,4.56,13.93
Maldives,2020,7217.0,514438.0,10.51,826.0,0.0,80.0,1.712,5.5,5.4,16.37
Maldives,2021,10076.0,521457.0,10.03,1039.0,97.86,80.0,1.692,5.1,5.02,15.62
Maldives,2022,11781.0,523787.0,10.18,0.0,0.0,81.0,1.678,4.8,4.42,15.23
Mali,2019,840.0,20567424.0,15.36,32.0,0.0,60.0,6.103,64.2,2.41,4.18
Mali,2020,823.0,21224040.0,15.14,29.0,30.76,59.0,6.035,62.9,3.53,6.73
Mali,2021,882.0,21904983.0,16.22,40.0,0.0,59.0,5.956,61.4,2.29,3.67
Mali,2022,831.0,22593590.0,18.19,0.0,0.0,59.0,5.867,60.1,3.09,4.18
Malta,2019,31751.0,504062.0,14.08,2944.0,0.0,83.0,1.14,5.3,3.63,9.31
Malta,2020,29593.0,515332.0,12.54,3135.0,0.0,82.0,1.13,5.2,4.36,10.89
Malta,2021,34952.0,518536.0,12.66,3642.0,94.94,83.0,1.13,5.0,3.4,9.63
Malta,2022,34563.0,531113.0,0.0,0.0,0.0,83.0,1.15,4.9,2.93,8.41
Marshall Islands,2019,5187.0,44728.0,15.04,782.0,,65.0,2.824,26.3,,
Marshall Islands,2020,5546.0,43413.0,19.37,707.0,,65.0,2.777,25.5,,
Marshall Islands,2021,6130.0,42050.0,22.87,767.0,,65.0,2.729,24.7,,
Marshall Islands,2022,6225.0,41569.0,11.35,0.0,,65.0,2.672,24.0,,
Mauritania,2019,1801.0,4383849.0,10.23,61.0,0.0,66.0,4.521,33.9,10.42,23.41
Mauritania,2020,1836.0,4498604.0,9.73,63.0,0.0,65.0,4.455,33.0,11.01,25.27
Mauritania,2021,1998.0,4614974.0,9.1,89.0,66.96,64.0,4.398,32.2,11.07,24.65
Mauritania,2022,2057.0,4736139.0,10.44,0.0,0.0,65.0,4.342,31.4,10.6,23.93
Mauritius,2019,11403.0,1265985.0,14.49,671.0,0.0,74.0,1.4,14.0,6.33,22.08
Mauritius,2020,9011.0,1266014.0,12.53,569.0,0.0,74.0,1.44,14.1,8.63,24.76
Mauritius,2021,9069.0,1266334.0,11.67,565.0,92.15,74.0,1.41,13.9,7.72,24.83
Mauritius,2022,10240.0,1262523.0,12.19,0.0,0.0,74.0,1.32,13.4,6.32,21.76
Mexico,2019,10435.0,125085311.0,0.0,553.0,0.0,74.0,1.916,12.2,3.48,7.21
Mexico,2020,8896.0,125998302.0,16.2,539.0,95.25,70.0,1.905,11.8,4.44,8.1
Mexico,2021,10363.0,126705138.0,0.0,611.0,0.0,70.0,1.822,11.4,4.02,7.68
Mexico,2022,11477.0,127504125.0,0.0,0.0,0.0,75.0,1.803,11.0,3.26,6.51
Micronesia,2019,3537.0,111379.0,18.11,421.0,,71.0,2.801,22.5,,
Micronesia,2020,3318.0,112106.0,18.62,399.0,,71.0,2.754,21.7,,
Micronesia,2021,3447.0,113131.0,0.0,393.0,,71.0,2.711,21.1,,
Micronesia,2022,3767.0,114164.0,0.0,0.0,,71.0,2.669,20.5,,
Moldova,2019,4405.0,2664224.0,18.37,284.0,0.0,71.0,1.78,12.7,1.5,3.24
Moldova,2020,4376.0,2635130.0,17.17,307.0,0.0,70.0,1.77,12.5,1.21,4.01
Moldova,2021,5275.0,2595809.0,16.34,410.0,99.6,69.0,1.806,12.3,0.79,1.79
Moldova,2022,5715.0,2538894.0,15.8,0.0,0.0,69.0,1.8,12.2,0.91,2.82
Monaco,2019,199383.0,37034.0,5.03,7731.0,,,,2.5,,
Monaco,2020,182537.0,36922.0,0.0,7812.0,,,,2.5,,
Monaco,2021,235133.0,36686.0,5.87,8634.0,,,,2.4,,
Monaco,2022,240862.0,36469.0,4.8,0.0,,,,2.3,,
Mongolia,2019,4395.0,3232430.0,14.08,198.0,0.0,72.0,2.937,13.4,9.27,21.74
Mongolia,2020,4041.0,3294335.0,11.26,189.0,99.18,72.0,2.9,12.7,6.59,15.9
Mongolia,2021,4566.0,3347782.0,9.99,316.0,0.0,71.0,2.837,12.1,7.75,17.43
Mongolia,2022,5046.0,3398366.0,0.0,0.0,0.0,73.0,2.774,11.5,6.21,11.54
Montenegro,2019,8910.0,622028.0,,732.0,0.0,77.0,1.77,2.7,15.13,25.36
Montenegro,2020,7677.0,621306.0,,866.0,0.0,76.0,1.75,2.5,17.88,36.34
Montenegro,2021,9466.0,619211.0,,985.0,98.98,74.0,1.75,2.4,16.54,37.72
Montenegro,2022,10093.0,617213.0,,0.0,0.0,76.0,1.8,2.3,15.29,28.04
Morocco,2019,3499.0,36304408.0,21.47,177.0,0.0,74.0,2.382,16.7,9.21,22.6
Morocco,2020,3258.0,36688772.0,24.16,193.0,0.0,74.0,2.353,16.0,11.2,26.65
Morocco,2021,3768.0,37076584.0,23.76,221.0,0.0,74.0,2.328,15.4,10.54,25.01
Morocco,2022,3442.0,37457971.0,23.87,0.0,77.35,75.0,2.299,14.8,9.53,23.21
Mozambique,2019,512.0,30285595.0,19.03,40.0,0.0,61.0,4.783,52.6,3.63,7.63
Mozambique,2020,457.0,31178239.0,17.94,34.0,59.78,61.0,4.713,51.4,3.88,8.3
Mozambique,2021,504.0,32077072.0,18.76,45.0,0.0,59.0,4.644,50.0,3.98,8.22
Mozambique,2022,558.0,32969518.0,0.0,0.0,0.0,60.0,4.561,48.7,3.62,7.7
Myanmar,2019,1415.0,53040212.0,9.82,62.0,89.07,67.0,2.2,35.6,0.41,1.32
Myanmar,2020,1479.0,53423198.0,0.0,72.0,0.0,67.0,2.174,34.5,1.48,4.96
Myanmar,2021,1233.0,53798084.0,0.0,65.0,0.0,66.0,2.151,33.5,4.34,12.62
Myanmar,2022,1149.0,54179306.0,0.0,0.0,0.0,67.0,2.127,32.5,2.83,9.62
Namibia,2019,5126.0,2446644.0,25.27,432.0,0.0,63.0,3.404,30.5,19.95,38.25
Namibia,2020,4252.0,2489098.0,24.94,378.0,0.0,63.0,3.349,29.9,20.97,41.26
Namibia,2021,4902.0,2530151.0,25.14,456.0,92.25,59.0,3.303,29.3,20.88,40.1
Namibia,2022,4896.0,2567012.0,25.32,0.0,0.0,58.0,3.248,28.6,19.75,38.58
Nauru,2019,10317.0,12132.0,0.0,1159.0,,63.0,3.618,24.4,,
Nauru,2020,10125.0,12315.0,0.0,1318.0,,63.0,3.571,23.7,,
Nauru,2021,14019.0,12511.0,0.0,1530.0,,64.0,3.519,22.9,,
Nauru,2022,12143.0,12668.0,0.0,0.0,,64.0,3.463,22.3,,
Nepal,2019,1186.0,28832496.0,0.0,53.0,0.0,70.0,2.08,26.0,10.58,19.8
Nepal,2020,1139.0,29348627.0,11.46,58.0,0.0,69.0,2.055,24.9,13.16,23.82
Nepal,2021,1229.0,30034989.0,12.82,65.0,71.15,68.0,2.029,23.9,12.32,22.39
Nepal,2022,1348.0,30547580.0,0.0,0.0,0.0,70.0,2.008,23.0,10.92,20.54
Netherlands,2019,52476.0,17344874.0,11.83,5341.0,,82.0,1.57,3.4,3.38,6.74
Netherlands,2020,52163.0,17441500.0,10.94,5858.0,,81.0,1.54,3.4,3.82,9.13
Netherlands,2021,58728.0,17533044.0,11.02,6539.0,,81.0,1.62,3.4,4.21,9.57
Netherlands,2022,57025.0,17700982.0,0.0,0.0,,82.0,1.487,3.4,3.52,7.91
New Caledonia,2019,34935.0,271240.0,,,,80.0,2.1,,10.88,32.43
New Caledonia,2020,34878.0,271080.0,,,,81.0,2.05,,13.56,46.15
New Caledonia,2021,37247.0,270390.0,,,,79.0,2.05,,12.54,38.65
New Caledonia,2022,35746.0,269215.0,,,,81.0,2.02,,11.29,32.76
New Zealand,2019,42747.0,4979200.0,15.87,4086.0,,82.0,1.72,4.1,4.11,11.31
New Zealand,2020,41786.0,5090200.0,14.44,4223.0,,82.0,1.61,4.0,4.6,12.44
New Zealand,2021,49624.0,5111300.0,14.29,4906.0,,82.0,1.64,3.9,3.78,10.45
New Zealand,2022,48217.0,5117200.0,13.14,0.0,,83.0,1.66,3.9,3.3,9.31
Nicaragua,2019,1906.0,6663924.0,23.94,162.0,,74.0,2.377,14.4,5.47,10.04
Nicaragua,2020,1877.0,6755895.0,22.69,161.0,,72.0,2.349,14.0,6.17,11.27
Nicaragua,2021,2065.0,6850540.0,0.0,198.0,,74.0,2.321,13.5,6.06,10.95
Nicaragua,2022,2252.0,6948392.0,0.0,0.0,,75.0,2.284,13.1,4.98,9.66
Niger,2019,550.0,23443393.0,13.01,31.0,0.0,63.0,6.961,62.0,0.54,0.84
Niger,2020,565.0,24333639.0,13.33,35.0,0.0,61.0,6.892,61.6,0.62,0.94
Niger,2021,591.0,25252722.0,11.95,34.0,0.0,62.0,6.82,61.0,0.82,1.08
Niger,2022,589.0,26207977.0,12.37,0.0,38.1,62.0,6.749,60.3,0.55,0.85
Nigeria,2019,2334.0,203304492.0,,70.0,0.0,53.0,5.379,74.0,5.21,12.59
Nigeria,2020,2075.0,208327405.0,,70.0,0.0,53.0,5.309,72.3,5.71,12.55
Nigeria,2021,2066.0,213401323.0,,84.0,0.0,53.0,5.237,70.5,5.39,10.0
Nigeria,2022,2163.0,218541212.0,,0.0,0.0,54.0,5.143,68.5,3.83,6.81
North Korea,2019,,25755441.0,,,0.0,73.0,1.84,13.9,2.84,6.79
North Korea,2020,,25867467.0,,,0.0,73.0,1.818,13.3,3.03,7.74
North Korea,2021,,25971909.0,,,0.0,73.0,1.809,12.7,3.13,7.54
North Korea,2022,,26069416.0,,,0.0,74.0,1.793,13.6,2.97,6.99
North Macedonia,2019,6719.0,1876262.0,,421.0,,77.0,1.34,6.2,17.41,35.36
North Macedonia,2020,6660.0,1856124.0,,453.0,,74.0,1.31,5.3,16.58,35.58
North Macedonia,2021,7621.0,1837114.0,,560.0,,73.0,1.6,4.6,15.8,36.08
North Macedonia,2022,7486.0,1831712.0,,0.0,,74.0,1.6,4.1,14.48,32.46
Northern Mariana Islands,2019,23687.0,49858.0,,,,,,,,
Northern Mariana Islands,2020,17303.0,49587.0,,,,,,,,
Northern Mariana Islands,2021,0.0,49481.0,,,,,,,,
Northern Mariana Islands,2022,0.0,49551.0,,,,,,,,
Norway,2019,76431.0,5347896.0,10.87,8007.0,,83.0,1.53,1.9,3.69,9.93
Norway,2020,68340.0,5379475.0,10.12,7825.0,,83.0,1.48,1.9,4.42,11.29
Norway,2021,93073.0,5408320.0,10.27,9163.0,,83.0,1.55,1.8,4.37,12.58
Norway,2022,108798.0,5457127.0,10.12,8693.0,,83.0,1.41,1.8,3.23,9.98
Oman,2019,19132.0,4602768.0,13.06,728.0,0.0,78.0,2.776,9.3,2.05,9.02
Oman,2020,16708.0,4543399.0,15.44,855.0,0.0,75.0,2.687,9.2,2.94,13.55
Oman,2021,19509.0,4520471.0,0.0,853.0,0.0,73.0,2.623,9.1,1.9,9.17
Oman,2022,25057.0,4576298.0,14.14,0.0,97.34,74.0,2.567,9.0,1.51,7.1
Pakistan,2019,1437.0,223293280.0,11.59,37.0,58.0,67.0,3.62,55.7,4.83,9.57
Pakistan,2020,1322.0,227196741.0,10.8,38.0,0.0,66.0,3.555,54.1,6.16,10.56
Pakistan,2021,1506.0,231402117.0,7.82,43.0,0.0,66.0,3.47,52.5,6.34,11.03
Pakistan,2022,1589.0,235824862.0,0.0,0.0,0.0,66.0,3.41,51.0,5.55,9.68
Palau,2019,15731.0,17916.0,,2102.0,,,0.0,22.9,,
Palau,2020,14533.0,17972.0,,2059.0,,,0.85,22.8,,
Palau,2021,12753.0,18024.0,,2045.0,,,0.0,22.5,,
Palau,2022,13422.0,18055.0,,0.0,,,0.0,22.1,,
Panama,2019,16473.0,4232532.0,9.11,1340.0,95.74,78.0,2.375,13.6,6.33,17.14
Panama,2020,13293.0,4294396.0,10.12,1358.0,0.0,77.0,2.344,12.9,14.18,31.87
Panama,2021,15491.0,4351267.0,9.34,1415.0,0.0,76.0,2.325,12.2,10.45,22.45
Panama,2022,17358.0,4408581.0,11.76,0.0,0.0,77.0,2.297,11.4,8.2,19.19
Papua New Guinea,2019,2594.0,9542486.0,0.0,60.0,,65.0,3.322,36.4,2.6,3.96
Papua New Guinea,2020,2446.0,9749640.0,0.0,56.0,,66.0,3.274,35.4,2.81,4.26
Papua New Guinea,2021,2625.0,9949437.0,0.0,61.0,,65.0,3.215,34.5,2.91,4.08
Papua New Guinea,2022,3116.0,10142619.0,0.0,0.0,,66.0,3.165,33.4,2.69,3.72
Paraguay,2019,5808.0,6530026.0,0.0,416.0,93.21,74.0,2.525,16.6,6.6,15.23
Paraguay,2020,5353.0,6618695.0,24.52,411.0,94.54,73.0,2.497,16.0,7.55,17.07
Paraguay,2021,5959.0,6703799.0,23.64,479.0,0.0,70.0,2.469,15.5,7.31,16.12
Paraguay,2022,6187.0,6780744.0,24.07,0.0,0.0,70.0,2.444,15.0,6.76,14.53
Peru,2019,6956.0,32824861.0,17.76,367.0,0.0,76.0,2.242,12.4,3.38,7.39
Peru,2020,6047.0,33304756.0,15.51,388.0,94.5,74.0,2.216,12.2,7.18,12.64
Peru,2021,6714.0,33715471.0,16.71,412.0,0.0,72.0,2.192,12.0,5.1,9.56
Peru,2022,7239.0,34049588.0,16.47,0.0,0.0,73.0,2.164,11.7,3.85,8.04
Philippines,2019,3414.0,110380804.0,17.89,142.0,96.28,72.0,2.805,22.2,2.24,6.78
Philippines,2020,3224.0,112190977.0,16.97,166.0,98.47,72.0,2.777,22.2,2.52,7.05
Philippines,2021,3461.0,113880328.0,16.72,203.0,0.0,69.0,2.748,22.1,3.4,8.49
Philippines,2022,3499.0,115559009.0,15.7,178.0,0.0,72.0,2.725,21.8,2.6,6.74
Poland,2019,15700.0,37965475.0,11.99,1014.0,0.0,78.0,1.44,3.8,3.28,9.86
Poland,2020,15817.0,37899070.0,10.6,1026.0,0.0,77.0,1.39,3.8,3.16,10.81
Poland,2021,18050.0,37747124.0,11.17,1159.0,99.8,76.0,1.33,3.8,3.36,11.92
Poland,2022,18732.0,36821749.0,0.0,1225.0,0.0,77.0,1.261,3.8,2.89,10.63
Portugal,2019,23331.0,10286263.0,10.53,2222.0,0.0,82.0,1.43,2.8,6.46,18.27
Portugal,2020,22242.0,10297081.0,9.61,2346.0,0.0,81.0,1.41,2.7,6.8,22.55
Portugal,2021,24661.0,10361831.0,9.71,2747.0,96.78,81.0,1.35,2.7,6.58,23.42
Portugal,2022,24515.0,10409704.0,0.0,2586.0,0.0,82.0,1.43,2.6,6.01,19.0
Puerto Rico,2019,32917.0,3193694.0,,,0.0,79.0,0.982,,8.3,18.62
Puerto Rico,2020,31427.0,3281557.0,,,0.0,78.0,0.922,,8.89,19.27
Puerto Rico,2021,32619.0,3262693.0,,,92.4,80.0,0.907,,7.9,16.96
Puerto Rico,2022,35268.0,3220113.0,,,0.0,80.0,0.9,,6.0,13.69
Qatar,2019,62827.0,2807235.0,8.64,2012.0,,81.0,1.834,5.3,0.1,0.3
Qatar,2020,52316.0,2760385.0,9.32,1998.0,,79.0,1.816,5.0,0.14,0.49
Qatar,2021,66859.0,2688235.0,0.0,1934.0,,79.0,1.801,4.7,0.14,0.77
Qatar,2022,87480.0,2695122.0,0.0,0.0,,82.0,1.781,4.5,0.13,0.61
Republic Of Congo,2019,2509.0,5570733.0,17.93,59.0,0.0,63.0,4.296,35.9,20.61,42.58
Republic Of Congo,2020,2011.0,5702174.0,18.29,81.0,0.0,64.0,4.234,33.0,22.37,46.74
Republic Of Congo,2021,2540.0,5835806.0,17.88,81.0,80.61,64.0,4.171,32.1,22.08,45.06
Republic Of Congo,2022,2649.0,5970424.0,16.64,0.0,0.0,63.0,4.095,31.2,20.26,41.72
Romania,2019,12958.0,19371648.0,10.09,739.0,0.0,76.0,1.77,5.6,3.91,16.8
Romania,2020,13047.0,19265250.0,8.8,810.0,0.0,74.0,1.8,5.4,5.04,17.33
Romania,2021,14947.0,19122059.0,8.14,963.0,99.16,73.0,1.81,5.3,5.59,21.0
Romania,2022,15692.0,19047009.0,0.0,0.0,0.0,75.0,1.81,5.5,5.61,22.6
Russia,2019,11448.0,145453291.0,9.29,654.0,0.0,73.0,1.504,4.7,4.5,15.14
Russia,2020,10108.0,145245148.0,8.94,771.0,0.0,71.0,1.505,4.4,5.59,16.91
Russia,2021,12522.0,144746762.0,0.0,936.0,99.93,70.0,1.505,4.1,4.72,16.14
Russia,2022,15445.0,144236933.0,0.0,0.0,0.0,73.0,1.416,3.8,3.87,14.38
Rwanda,2019,806.0,12835028.0,11.0,51.0,0.0,66.0,3.939,31.2,11.24,16.01
Rwanda,2020,774.0,13146362.0,10.78,58.0,0.0,67.0,3.873,30.3,11.83,15.92
Rwanda,2021,822.0,13461888.0,15.53,60.0,0.0,66.0,3.821,29.5,15.79,23.27
Rwanda,2022,967.0,13776698.0,12.76,0.0,78.76,67.0,3.749,28.8,15.09,22.18
Samoa,2019,4308.0,211905.0,15.6,240.0,0.0,72.0,4.047,15.9,9.6,19.6
Samoa,2020,4043.0,214929.0,16.22,253.0,0.0,73.0,3.997,14.7,10.21,21.2
Samoa,2021,3858.0,218764.0,0.0,264.0,99.1,73.0,3.93,14.3,10.37,20.69
Samoa,2022,3746.0,222382.0,0.0,0.0,0.0,73.0,3.875,13.9,9.92,20.05
San Marino,2019,47287.0,34178.0,8.91,3854.0,0.0,,,1.5,,
San Marino,2020,45321.0,34007.0,6.56,3843.0,0.0,,,1.4,,
San Marino,2021,54982.0,33745.0,7.9,4132.0,0.0,,,1.4,,
San Marino,2022,0.0,33660.0,0.0,0.0,99.91,,,1.3,,
Sao Tome And Principe,2019,1924.0,214599.0,17.59,106.0,0.0,69.0,3.964,13.3,14.0,20.99
Sao Tome And Principe,2020,2155.0,218641.0,16.13,159.0,0.0,68.0,3.893,12.6,15.18,23.3
Sao Tome And Principe,2021,2350.0,223107.0,16.58,186.0,0.0,68.0,3.823,11.9,15.04,22.42
Sao Tome And Principe,2022,2387.0,227380.0,17.09,0.0,93.75,69.0,3.751,11.3,14.12,21.09
Saudi Arabia,2019,23406.0,35827362.0,,1280.0,0.0,77.0,2.504,6.2,5.64,24.82
Saudi Arabia,2020,20398.0,35997107.0,,1356.0,97.59,76.0,2.465,6.0,7.45,27.51
Saudi Arabia,2021,24316.0,35950396.0,,1442.0,0.0,77.0,2.427,5.7,6.62,19.78
Saudi Arabia,2022,30448.0,36408820.0,,0.0,0.0,78.0,2.393,5.5,5.59,16.0
Senegal,2019,1463.0,16000781.0,18.74,66.0,0.0,69.0,4.517,30.9,2.86,4.05
Senegal,2020,1492.0,16436120.0,22.48,77.0,0.0,68.0,4.454,29.9,3.41,4.77
Senegal,2021,1631.0,16876720.0,21.53,71.0,0.0,67.0,4.387,29.0,3.37,4.64
Senegal,2022,1595.0,17316449.0,22.17,0.0,57.67,68.0,4.314,28.2,2.97,4.15
Serbia,2019,7417.0,6945235.0,8.6,641.0,99.48,76.0,1.52,4.9,10.4,27.46
Serbia,2020,7734.0,6899126.0,0.0,670.0,0.0,74.0,1.48,4.8,9.01,26.62
Serbia,2021,9233.0,6834326.0,7.09,919.0,0.0,73.0,1.52,4.6,10.06,25.48
Serbia,2022,9538.0,6664449.0,0.0,0.0,0.0,75.0,1.63,4.4,8.68,24.25
Seychelles,2019,19142.0,97625.0,6.11,770.0,0.0,74.0,2.36,12.8,,
Seychelles,2020,14041.0,98462.0,6.68,782.0,96.2,77.0,2.29,12.8,,
Seychelles,2021,14983.0,99258.0,0.0,718.0,0.0,73.0,2.46,12.7,,
Seychelles,2022,17167.0,119878.0,0.0,0.0,0.0,74.0,2.32,12.5,,
Sierra Leone,2019,507.0,8046828.0,35.01,46.0,0.0,60.0,4.192,82.6,3.2,3.58
Sierra Leone,2020,493.0,8233970.0,34.24,46.0,0.0,60.0,4.08,80.3,3.49,3.99
Sierra Leone,2021,505.0,8420641.0,33.42,43.0,0.0,60.0,3.978,78.1,3.52,3.84
Sierra Leone,2022,476.0,8605718.0,29.37,0.0,48.64,60.0,3.876,76.0,3.19,3.58
Singapore,2019,66082.0,5703569.0,16.48,2826.0,97.48,84.0,1.14,2.0,3.1,7.66
Singapore,2020,61467.0,5685807.0,11.22,3368.0,97.13,84.0,1.1,1.9,4.1,10.59
Singapore,2021,79601.0,5453566.0,13.06,3970.0,97.65,83.0,1.12,1.9,4.64,10.11
Singapore,2022,88429.0,5637022.0,0.0,0.0,0.0,83.0,1.04,1.8,3.59,8.39
Sint Maarten (Dutch Part),2019,35509.0,39648.0,,,,75.0,1.601,,,
Sint Maarten (Dutch Part),2020,30643.0,40350.0,,,,75.0,1.591,,,
Sint Maarten (Dutch Part),2021,33238.0,40708.0,,,,74.0,1.581,,,
Sint Maarten (Dutch Part),2022,37593.0,40888.0,,,,74.0,1.572,,,
Slovak Republic,2019,19382.0,5454147.0,10.47,1342.0,,78.0,1.57,4.9,5.76,16.13
Slovak Republic,2020,19553.0,5458827.0,9.94,1394.0,,77.0,1.59,4.9,6.72,19.45
Slovak Republic,2021,21766.0,5447247.0,9.35,1685.0,,75.0,1.63,4.9,6.89,21.23
Slovak Republic,2022,21279.0,5431752.0,0.0,0.0,,77.0,1.57,4.9,6.14,19.75
Slovenia,2019,26042.0,2088385.0,12.57,2219.0,,82.0,1.61,2.0,4.45,8.12
Slovenia,2020,25558.0,2102419.0,11.13,2417.0,,81.0,1.59,1.9,4.97,14.16
Slovenia,2021,29331.0,2108079.0,11.5,2775.0,,81.0,1.64,1.9,4.75,12.85
Slovenia,2022,28439.0,2111986.0,0.0,2608.0,,81.0,1.55,1.9,4.01,10.13
Solomon Islands,2019,2399.0,674993.0,,104.0,,70.0,4.104,17.2,0.75,1.3
Solomon Islands,2020,2222.0,691191.0,,107.0,,70.0,4.038,16.7,0.85,1.44
Solomon Islands,2021,2151.0,707851.0,,106.0,,70.0,3.983,16.2,0.87,1.36
Solomon Islands,2022,2163.0,724273.0,,0.0,,71.0,3.925,15.7,1.58,3.02
Somalia,2019,589.0,15981300.0,4.19,,0.0,57.0,6.531,73.8,18.83,33.91
Somalia,2020,557.0,16537016.0,0.0,,0.0,56.0,6.417,71.7,19.35,35.61
Somalia,2021,577.0,17065581.0,0.0,,0.0,55.0,6.312,69.8,19.55,35.09
Somalia,2022,592.0,17597511.0,0.0,,41.03,56.0,6.202,68.0,19.13,34.42
South Africa,2019,6703.0,58087055.0,18.69,551.0,95.02,66.0,2.475,28.2,25.54,47.41
South Africa,2020,5753.0,58801927.0,18.48,492.0,0.0,65.0,2.401,28.1,24.34,43.5
South Africa,2021,7074.0,59392255.0,18.49,584.0,90.0,62.0,2.374,27.8,28.77,49.87
South Africa,2022,6766.0,59893885.0,0.0,0.0,0.0,61.0,2.341,27.7,28.84,49.83
South Korea,2019,31902.0,51764822.0,13.83,2606.0,0.0,83.0,0.918,2.7,3.75,9.83
South Korea,2020,31721.0,51836239.0,12.83,2648.0,0.0,83.0,0.837,2.6,3.93,10.15
South Korea,2021,35126.0,51769539.0,14.31,3260.0,0.0,84.0,0.808,2.5,3.64,8.06
South Korea,2022,32395.0,51672569.0,0.0,3124.0,0.0,83.0,0.778,2.4,2.86,6.64
South Sudan,2019,,10447666.0,9.41,35.0,0.0,56.0,4.619,63.8,12.64,19.27
South Sudan,2020,,10606227.0,5.55,48.0,0.0,55.0,4.543,63.8,14.2,21.63
South Sudan,2021,,10748272.0,11.21,33.0,0.0,55.0,4.469,63.8,13.87,20.61
South Sudan,2022,,10913164.0,0.0,0.0,0.0,56.0,4.337,63.8,12.4,18.55
Spain,2019,29582.0,47134837.0,9.58,2717.0,0.0,84.0,1.23,2.7,14.1,32.53
Spain,2020,26984.0,47365655.0,9.02,2899.0,98.59,82.0,1.19,2.6,15.53,38.28
Spain,2021,30489.0,47415794.0,9.18,3234.0,0.0,83.0,1.19,2.6,14.78,34.8
Spain,2022,29675.0,47778340.0,0.0,0.0,0.0,83.0,1.16,2.5,12.92,29.78
Sri Lanka,2019,4083.0,21803000.0,0.0,160.0,92.25,76.0,2.019,6.2,4.67,20.38
Sri Lanka,2020,3846.0,21919000.0,5.47,158.0,92.38,76.0,2.0,6.0,5.37,25.36
Sri Lanka,2021,3999.0,22156000.0,5.04,166.0,92.43,76.0,1.99,5.7,5.26,23.28
Sri Lanka,2022,3343.0,22181000.0,5.35,0.0,92.49,77.0,1.974,5.6,6.33,25.24
St. Kitts And Nevis,2019,23220.0,47712.0,0.0,1204.0,,72.0,1.568,14.5,,
St. Kitts And Nevis,2020,18553.0,47642.0,0.0,1051.0,,72.0,1.55,14.1,,
St. Kitts And Nevis,2021,18036.0,47606.0,6.2,1114.0,,72.0,1.531,13.7,,
St. Kitts And Nevis,2022,20594.0,47657.0,0.0,0.0,,72.0,1.512,13.3,,
St. Lucia,2019,11715.0,178583.0,14.08,491.0,,73.0,1.424,16.2,15.61,36.02
St. Lucia,2020,8357.0,179237.0,14.39,574.0,,73.0,1.411,16.2,25.23,52.27
St. Lucia,2021,10213.0,179651.0,14.47,585.0,,71.0,1.399,16.1,20.51,45.28
St. Lucia,2022,13031.0,179857.0,16.34,0.0,,71.0,1.387,16.0,15.93,30.97
St. Martin (French Part),2019,19692.0,33121.0,,,,80.0,2.485,,,
St. Martin (French Part),2020,0.0,32553.0,,,,80.0,2.448,,,
St. Martin (French Part),2021,20321.0,31948.0,,,,80.0,2.415,,,
St. Martin (French Part),2022,0.0,31791.0,,,,81.0,2.385,,,
St. Vincent And The Grenadines,2019,8680.0,104924.0,0.0,369.0,,73.0,1.838,11.8,19.22,42.62
St. Vincent And The Grenadines,2020,8306.0,104632.0,13.0,402.0,,72.0,1.814,11.2,20.56,46.51
St. Vincent And The Grenadines,2021,8360.0,104332.0,0.0,448.0,,70.0,1.797,10.6,20.28,45.06
St. Vincent And The Grenadines,2022,9298.0,103948.0,15.23,0.0,,69.0,1.778,10.1,19.51,43.7
Sudan,2019,748.0,43232093.0,,36.0,0.0,66.0,4.617,40.2,12.01,21.01
Sudan,2020,608.0,44440486.0,,23.0,0.0,66.0,4.542,39.2,12.37,21.5
Sudan,2021,750.0,45657202.0,,22.0,0.0,65.0,4.457,38.1,11.47,19.02
Sudan,2022,1102.0,46874204.0,,0.0,0.0,66.0,4.384,37.0,7.53,12.96
Suriname,2019,6690.0,600301.0,14.08,612.0,0.0,72.0,2.394,16.3,7.55,24.37
Suriname,2020,4797.0,607065.0,13.94,464.0,0.0,73.0,2.371,15.8,8.73,28.33
Suriname,2021,5027.0,612985.0,0.0,299.0,95.0,70.0,2.348,15.4,8.46,27.07
Suriname,2022,5859.0,618040.0,0.0,0.0,0.0,70.0,2.322,14.8,8.23,26.58
Sweden,2019,51939.0,10278887.0,14.08,5653.0,,83.0,1.71,2.2,6.83,20.18
Sweden,2020,52838.0,10353442.0,13.44,6003.0,,82.0,1.67,2.1,8.29,23.98
Sweden,2021,61418.0,10415811.0,13.53,6901.0,,83.0,1.67,2.1,8.72,24.68
Sweden,2022,56300.0,10486941.0,0.0,5980.0,,83.0,1.52,2.0,7.39,21.68
Switzerland,2019,84122.0,8575280.0,15.65,9341.0,,84.0,1.48,3.5,4.39,7.99
Switzerland,2020,85898.0,8638167.0,14.24,10085.0,,83.0,1.46,3.5,4.82,8.6
Switzerland,2021,93446.0,8704546.0,14.55,10897.0,,84.0,1.52,3.5,5.1,8.82
Switzerland,2022,93260.0,8775760.0,0.0,0.0,,83.0,1.39,3.5,4.3,7.5
Syrian Arab Republic,2019,1124.0,20098251.0,,,0.0,72.0,2.835,20.4,13.39,33.08
Syrian Arab Republic,2020,537.0,20772595.0,,,0.0,72.0,2.798,18.6,15.18,37.11
Syrian Arab Republic,2021,421.0,21324367.0,,,94.42,72.0,2.747,18.1,14.8,35.22
Syrian Arab Republic,2022,0.0,22125249.0,,,0.0,72.0,2.704,17.8,13.81,34.02
Tajikistan,2019,889.0,9337003.0,0.0,62.0,,71.0,3.281,29.4,6.9,15.37
Tajikistan,2020,852.0,9543207.0,0.0,70.0,,68.0,3.237,28.5,7.18,17.19
Tajikistan,2021,917.0,9750064.0,20.4,73.0,,72.0,3.186,27.6,7.25,17.74
Tajikistan,2022,1076.0,9952787.0,0.0,0.0,,71.0,3.141,26.7,6.98,16.87
Tanzania,2019,1051.0,59872579.0,14.29,40.0,0.0,67.0,4.864,33.3,2.52,3.53
Tanzania,2020,1104.0,61704518.0,13.63,31.0,0.0,66.0,4.795,32.1,2.78,3.82
Tanzania,2021,1146.0,63588334.0,13.54,37.0,0.0,66.0,4.726,31.1,2.81,3.75
Tanzania,2022,1193.0,65497748.0,14.33,0.0,82.02,67.0,4.661,30.0,2.61,3.49
Thailand,2019,7629.0,71307763.0,14.5,289.0,0.0,79.0,1.352,7.7,0.72,4.29
Thailand,2020,7002.0,71475664.0,12.28,305.0,0.0,79.0,1.341,7.4,1.1,5.31
Thailand,2021,7071.0,71601103.0,11.88,364.0,94.1,79.0,1.331,7.2,1.22,5.99
Thailand,2022,6913.0,71697030.0,0.0,0.0,0.0,80.0,1.317,7.0,0.94,5.37
Timor-Leste,2019,1583.0,1280438.0,6.87,79.0,0.0,68.0,3.336,45.7,3.13,7.84
Timor-Leste,2020,1664.0,1299995.0,6.96,121.0,69.9,68.0,3.247,44.3,2.79,6.61
Timor-Leste,2021,2742.0,1320942.0,7.47,135.0,0.0,68.0,3.149,42.9,2.34,4.76
Timor-Leste,2022,2389.0,1341296.0,0.0,0.0,0.0,69.0,3.047,41.5,1.54,3.18
Togo,2019,848.0,8243094.0,19.24,50.0,66.54,61.0,4.385,45.6,2.06,3.28
Togo,2020,877.0,8442580.0,18.14,54.0,0.0,61.0,4.323,44.4,2.21,3.63
Togo,2021,965.0,8644829.0,17.45,54.0,0.0,62.0,4.257,43.2,2.29,3.54
Togo,2022,923.0,8848699.0,14.48,0.0,0.0,62.0,4.196,42.1,2.07,3.29
Tonga,2019,4879.0,104951.0,13.0,230.0,0.0,71.0,3.315,10.1,2.16,6.46
Tonga,2020,4606.0,105254.0,10.73,247.0,0.0,71.0,3.267,9.9,2.68,7.76
Tonga,2021,4426.0,106017.0,10.12,279.0,99.4,71.0,3.237,9.6,2.11,6.34
Tonga,2022,4682.0,106858.0,9.77,0.0,0.0,71.0,3.193,9.4,2.35,6.82
Trinidad And Tobago,2019,15642.0,1519955.0,10.34,1072.0,,74.0,1.643,15.2,3.52,9.04
Trinidad And Tobago,2020,13706.0,1518147.0,11.72,1046.0,,74.0,1.631,14.7,4.21,11.62
Trinidad And Tobago,2021,16056.0,1525663.0,10.03,1125.0,,73.0,1.626,14.2,4.45,12.91
Trinidad And Tobago,2022,19629.0,1531044.0,9.2,0.0,,75.0,1.614,13.8,4.38,10.4
Tunisia,2019,3478.0,12049314.0,,210.0,80.55,76.0,2.148,12.4,17.15,39.04
Tunisia,2020,3494.0,12161723.0,,247.0,0.0,75.0,2.114,11.5,17.58,41.28
Tunisia,2021,3817.0,12262946.0,,265.0,0.0,74.0,2.086,10.6,16.51,38.66
Tunisia,2022,3608.0,12356117.0,,0.0,0.0,74.0,2.064,9.9,15.3,37.25
Turkey,2019,9215.0,82579440.0,11.17,397.0,96.74,78.0,1.967,9.4,13.73,24.98
Turkey,2020,8639.0,83384680.0,9.31,395.0,0.0,76.0,1.917,9.0,13.15,24.88
Turkey,2021,9743.0,84147318.0,8.81,441.0,0.0,76.0,1.889,8.6,11.97,22.34
Turkey,2022,10675.0,84979913.0,8.78,0.0,0.0,78.0,1.882,8.3,10.43,19.26
Turkmenistan,2019,7345.0,6158420.0,23.01,489.0,,69.0,2.74,37.0,4.06,8.37
Turkmenistan,2020,7330.0,6250438.0,28.0,484.0,,69.0,2.701,36.4,4.49,10.0
Turkmenistan,2021,7885.0,6341855.0,29.08,565.0,,69.0,2.667,35.8,4.45,10.09
Turkmenistan,2022,8793.0,6430770.0,28.6,0.0,,69.0,2.617,35.0,4.12,8.97
Turks And Caicos Islands,2019,27328.0,43080.0,9.62,,,75.0,1.692,4.4,,
Turks And Caicos Islands,2020,17496.0,44276.0,12.51,,,75.0,1.679,4.3,,
Turks And Caicos Islands,2021,23181.0,45114.0,12.57,,,75.0,1.669,4.2,,
Turks And Caicos Islands,2022,26887.0,45703.0,13.0,,,75.0,1.658,4.1,,
Tuvalu,2019,4940.0,10956.0,,1109.0,,64.0,3.199,19.1,,
Tuvalu,2020,4675.0,11069.0,,879.0,,64.0,3.188,18.5,,
Tuvalu,2021,5373.0,11204.0,,1071.0,,65.0,3.163,17.9,,
Tuvalu,2022,5222.0,11312.0,,0.0,,65.0,3.144,17.4,,
UAE,2019,45376.0,9211657.0,13.57,1990.0,97.78,80.0,1.334,5.0,2.33,7.42
UAE,2020,37629.0,9287289.0,12.8,2192.0,0.0,79.0,1.46,4.8,4.29,14.12
UAE,2021,44332.0,9365145.0,14.76,2352.0,98.13,79.0,1.46,4.5,3.11,10.49
UAE,2022,53708.0,9441129.0,0.0,0.0,98.29,79.0,1.443,4.3,2.87,10.88
Uganda,2019,823.0,42949080.0,8.9,33.0,0.0,63.0,4.809,33.2,3.19,4.98
Uganda,2020,847.0,44404611.0,8.53,37.0,0.0,63.0,4.693,32.1,3.91,5.92
Uganda,2021,884.0,45853778.0,8.22,43.0,0.0,63.0,4.585,31.1,3.42,5.21
Uganda,2022,964.0,47249585.0,8.48,0.0,80.59,64.0,4.468,30.2,2.93,4.6
Ukraine,2019,3661.0,44474512.0,14.56,247.0,0.0,72.0,1.228,7.3,8.19,15.45
Ukraine,2020,3752.0,44207754.0,13.27,270.0,0.0,71.0,1.217,7.1,9.48,19.31
Ukraine,2021,4828.0,43848986.0,14.25,368.0,100.0,70.0,1.16,7.0,9.83,19.11
Ukraine,2022,4576.0,38000000.0,8.49,0.0,0.0,69.0,1.265,7.0,0.0,0.0
United Kingdom,2019,42663.0,66836327.0,12.02,4269.0,,81.0,1.63,3.8,3.74,11.03
United Kingdom,2020,40217.0,67081234.0,10.73,4906.0,,80.0,1.56,3.7,4.47,13.44
United Kingdom,2021,46870.0,67026292.0,11.23,5738.0,,81.0,1.56,3.6,4.83,12.77
United Kingdom,2022,45564.0,67791000.0,0.0,5139.0,,82.0,1.57,3.6,3.73,10.51
United States,2019,65548.0,328329953.0,15.52,10658.0,,79.0,1.706,5.5,3.67,8.37
United States,2020,64317.0,331526933.0,12.65,11758.0,,77.0,1.642,5.5,8.06,14.89
United States,2021,71056.0,332048977.0,0.0,12012.0,,76.0,1.664,5.4,5.35,9.7
United States,2022,77247.0,333271411.0,0.0,12474.0,,77.0,1.665,5.4,3.65,8.1
Uruguay,2019,18149.0,3428409.0,15.19,1677.0,98.77,78.0,1.546,6.2,8.73,28.16
Uruguay,2020,15651.0,3429086.0,13.88,1427.0,0.0,78.0,1.477,6.0,10.33,33.93
Uruguay,2021,17734.0,3426260.0,14.78,1620.0,0.0,75.0,1.493,5.8,9.3,31.71
Uruguay,2022,20499.0,3422794.0,16.82,0.0,0.0,78.0,1.483,5.6,7.88,25.31
Uzbekistan,2019,1795.0,33580350.0,25.59,99.0,100.0,71.0,2.785,13.9,4.95,11.25
Uzbekistan,2020,1759.0,34232050.0,21.82,121.0,0.0,70.0,2.904,13.2,5.29,12.8
Uzbekistan,2021,1993.0,34915100.0,21.43,157.0,100.0,71.0,3.173,12.5,5.35,12.98
Uzbekistan,2022,2276.0,35648100.0,0.0,0.0,100.0,72.0,3.308,11.9,4.54,11.02
Vanuatu,2019,3077.0,304404.0,4.46,102.0,0.0,70.0,3.813,16.8,5.45,11.4
Vanuatu,2020,2918.0,311685.0,5.01,117.0,0.0,70.0,3.778,16.4,4.05,8.89
Vanuatu,2021,2978.0,319137.0,0.0,133.0,89.1,70.0,3.735,16.0,4.73,10.05
Vanuatu,2022,3129.0,326740.0,0.0,0.0,0.0,70.0,3.697,15.6,5.17,10.85
Venezuela,2019,,28971683.0,,113.0,0.0,72.0,2.25,21.2,5.89,12.1
Venezuela,2020,,28490453.0,,153.0,0.0,71.0,2.23,21.2,7.53,13.82
Venezuela,2021,,28199867.0,,160.0,0.0,71.0,2.211,21.2,7.03,13.21
Venezuela,2022,,28301696.0,,0.0,97.6,71.0,2.188,21.2,5.75,11.1
Vietnam,2019,3491.0,95776716.0,15.57,174.0,95.75,74.0,1.948,16.8,1.68,5.5
Vietnam,2020,3586.0,96648685.0,14.47,154.0,0.0,75.0,1.955,16.7,2.1,6.42
Vietnam,2021,3760.0,97468029.0,14.82,173.0,0.0,74.0,1.944,16.5,2.39,6.82
Vietnam,2022,4179.0,98186856.0,15.45,0.0,96.13,75.0,1.941,16.2,1.54,5.9
Virgin Islands (U.S.),2019,38634.0,106669.0,,,,80.0,2.05,,12.26,27.4
Virgin Islands (U.S.),2020,39411.0,106290.0,,,,80.0,2.03,,14.84,34.83
Virgin Islands (U.S.),2021,41976.0,105870.0,,,,80.0,2.01,,13.93,31.42
Virgin Islands (U.S.),2022,0.0,105413.0,,,,80.0,2.0,,12.67,26.95
West Bank And Gaza,2019,3657.0,4685306.0,,,97.38,75.0,3.642,13.7,25.34,39.99
West Bank And Gaza,2020,3234.0,4803269.0,,,97.51,74.0,3.57,13.2,25.9,41.88
West Bank And Gaza,2021,3679.0,4922749.0,,,0.0,73.0,3.504,12.7,26.39,41.45
West Bank And Gaza,2022,3800.0,5043612.0,,,97.84,73.0,3.436,12.3,24.42,35.95
Yemen,2019,694.0,31546691.0,,,,65.0,3.963,35.9,17.3,32.33
Yemen,2020,626.0,32284046.0,,,,65.0,3.886,34.5,17.97,34.18
Yemen,2021,584.0,32981641.0,,,,64.0,3.795,34.7,18.25,33.78
Yemen,2022,699.0,33696614.0,,,,64.0,3.716,33.1,17.52,32.94
Zambia,2019,1268.0,18380477.0,15.29,86.0,0.0,63.0,4.451,42.2,5.54,10.33
Zambia,2020,958.0,18927715.0,12.38,60.0,87.5,62.0,4.379,40.9,6.03,11.02
Zambia,2021,1135.0,19473125.0,0.0,75.0,0.0,61.0,4.308,39.9,5.2,9.34
Zambia,2022,1457.0,20017675.0,0.0,0.0,0.0,62.0,4.242,39.0,5.99,9.86
Zimbabwe,2019,1422.0,15354608.0,0.0,55.0,0.0,61.0,3.599,36.9,7.37,11.62
Zimbabwe,2020,1373.0,15669666.0,15.67,51.0,0.0,61.0,3.545,36.4,8.62,14.03
Zimbabwe,2021,1774.0,15993524.0,0.0,63.0,0.0,59.0,3.491,35.5,9.54,15.15
Zimbabwe,2022,1677.0,16320537.0,0.0,0.0,89.85,59.0,3.437,34.6,10.09,16.75
